id,event_id,event_name,artist_name,datetime,venue_name,venue_location,venue_latitude,venue_longitude,description,cost,availability,promoter,category,target_demographic,url,scraped_at
1,107821044,"Cody Bolden Music @ Gruene Hall","Cody Bolden Music",2026-03-09T11:30:00,"Gruene Hall","1281 Gruene Rd, New Braunfels, TX, United States",29.7383595,-98.104373,"Cody Bolden Music at Gruene Hall 2026-03-09T11:30:00",Unknown,Available,"Cody Bolden Music",Music,General,https://www.bandsintown.com/e/107821044-cody-bolden-music-at-gruene-hall,"2026-03-09 09:09:07"
2,108047014,"Erica Daniels Music @ Gruene Grove","Erica Daniels Music",2026-03-10T19:00:00,"Gruene Grove","1263 Gruene Rd, New Braunfels, TX, United States",29.737513,-98.1039805,"Hello Gruene!!

Can't wait to spend some time with y'all over some music! 
Happy Tuesday!",Unknown,Available,"Erica Daniels Music",Music,General,https://www.bandsintown.com/e/108047014-erica-daniels-music-at-gruene-grove,"2026-03-09 09:09:08"
3,1038154843,"Grim Village @ The 13th floor","Grim Village",2026-03-09T19:30:00,"The 13th floor","711 Red River St, Austin, TX, United States",30.2677851,-97.7365949,"Villain Fest – March 9, 8–12 @ The 13th Floor Austin. FREE rap fest + open mic (8–9). Headliners, DJs, contest & $1K giveaways. Be R.E.A.L.",Unknown,Available,"Grim Village",Festival,General,https://www.bandsintown.com/e/1038154843-grim-village-at-the-13th-floor,"2026-03-09 09:09:09"
4,107984466,"Shinyribs @ Saxon Pub",Shinyribs,2026-03-09T18:00:00,"Saxon Pub","1320 S Lamar Blvd, Austin, TX, United States",30.2535401,-97.7635794,"Join Kevin Russell and the Short Ribs band for a Winter residency at the legendary Saxon Pub! New songs, old friends and everything in between!",Unknown,Available,Shinyribs,Music,General,https://www.bandsintown.com/e/107984466-shinyribs-at-saxon-pub,"2026-03-09 09:09:11"
5,107992404,"Elias Haslanger @ The Continental Gallery","Elias Haslanger",2026-03-09T20:30:00,"The Continental Gallery","1313 S Congress Ave, Austin, TX, United States",30.2506294,-97.7490881,"Join Elias and his award-winning band Church on Monday every Monday at The Continental Club Gallery in Austin, TX. 8:30-10pm, only $10",Unknown,Available,"Elias Haslanger",Arts,General,https://www.bandsintown.com/e/107992404-elias-haslanger-at-the-continental-gallery,"2026-03-09 09:09:11"
6,1038160876,"Christine Baird @ The Hills of Lakeway - Flintrock Falls Clubhouse","Christine Baird",2026-03-09T17:00:00,"The Hills of Lakeway - Flintrock Falls Clubhouse","401 Jack Nicklaus Dr, Austin, TX, United States",30.3388526,-97.98467,"The Hills Flintrock The Den presents Christine Baird",Unknown,Available,"Christine Baird",Music,General,https://www.bandsintown.com/e/1038160876-christine-baird-at-the-hills-of-lakeway-flintrock-falls-clubhouse,"2026-03-09 09:09:12"
7,107948064,"Johnny Fury @ Remedy","Johnny Fury",2026-03-09T19:00:00,Remedy,"360 Nueces St STE 30, Austin, TX, United States",30.2670554,-97.7495877,"Johnny Fury at Remedy 2026-03-09T19:00:00",Unknown,Available,"Johnny Fury",Music,General,https://www.bandsintown.com/e/107948064-johnny-fury-at-remedy,"2026-03-09 09:09:12"
8,108047548,"Eve Monsees @ Continental Club","Eve Monsees",2026-03-09T18:30:00,"Continental Club","1315 S Congress Ave, Austin, TX, United States",30.250506,-97.7490768,"Every Monday night! Eve Monsees and Mike Buck play the Continental Club, joined by Tjrako Jeen and Brad Fordham. They combine their unique blend of Blues and Rock N Roll with Country, Rockabilly, Soul. It's Texas music on an iconic stage.",Unknown,Available,"Eve Monsees",Music,General,https://www.bandsintown.com/e/108047548-eve-monsees-at-continental-club,"2026-03-09 09:09:13"
9,1037834143,"Auburn McCormick @ Waterfront Bar & Grill","Auburn McCormick",2026-03-10T18:00:00,"Waterfront Bar & Grill","106 Cove W, Horseshoe Bay, TX, United States",30.5497634,-98.3586856,"Waterfront Bar & Grill presents Auburn McCormick",Unknown,Available,"Auburn McCormick",Music,General,https://www.bandsintown.com/e/1037834143-auburn-mccormick-at-waterfront-bar-and-grill,"2026-03-09 09:09:13"
10,107923792,"Taylor Campbell Band @ Waterloo Records & Video","Taylor Campbell Band",2026-03-09T17:00:00,"Waterloo Records & Video","600 N Lamar Blvd, Austin, TX, United States",30.27175,-97.753906,"Taylor Campbell Band will be live at Waterloo Records for a special in-store show and appearance promoting the new album, Never Quite Enough!",Unknown,Available,"Taylor Campbell Band",Music,General,https://www.bandsintown.com/e/107923792-taylor-campbell-band-at-waterloo-records-and-video,"2026-03-09 09:09:14"
11,107535024,"Sabrina Claudio @ Emo's Austin","Sabrina Claudio",2026-03-09T19:00:00,"Emo's Austin","2015 E Riverside Dr, Austin, TX, United States",30.2395789,-97.7280066,"Sabrina Claudio at Emo's Austin 2026-03-09T19:00:00",Unknown,Available,"Sabrina Claudio",Music,General,"https://www.bandsintown.com/e/107535024-sabrina-claudio-at-emo's-austin","2026-03-09 09:09:14"
12,107954417,"Noaa Rienecker @ House show","Noaa Rienecker",2026-03-09T20:00:00,"House show","629 W Dittmar Rd, Austin, TX, United States",30.26715,-97.74306,"House show w/Noaa Rienecker & Helyn Rain @ Wit's End",Unknown,Available,"Noaa Rienecker",Music,General,https://www.bandsintown.com/e/107954417-noaa-rienecker-at-house-show,"2026-03-09 09:09:14"
13,107541126,"Boo Ray @ Chief's on Broadway","Boo Ray",2026-03-09T14:30:00,"Chief's on Broadway","200 Broadway, Nashville, TN, United States",36.1619481,-86.775512,"Boo Ray at Chief's on Broadway 2026-03-09T14:30:00",Unknown,Available,"Boo Ray",Music,General,"https://www.bandsintown.com/e/107541126-boo-ray-at-chief's-on-broadway","2026-03-09 09:09:15"
14,108000475,"Brooks Herring @ Barstool Nashville","Brooks Herring",2026-03-09T20:00:00,"Barstool Nashville","123 2nd Ave S, Nashville, TN, United States",36.1609365,-86.7748242,"Full band. Full volume.

Brooks Herring live with the full band - new songs, old favorites, and open requests! 8:00pm - 12:00am - Don't miss it!",Unknown,Available,"Brooks Herring",Music,General,https://www.bandsintown.com/e/108000475-brooks-herring-at-barstool-nashville,"2026-03-09 09:09:16"
15,1037311482,"Goose Gossett @ Tin Roof Broadway","Goose Gossett",2026-03-09T18:30:00,"Tin Roof Broadway","316 Broadway, Nashville, TN, United States",36.1615096,-86.7769355,"Alabama native Goose Gossett will play you anything you want to hear!",Unknown,Available,"Goose Gossett",Music,General,https://www.bandsintown.com/e/1037311482-goose-gossett-at-tin-roof-broadway,"2026-03-09 09:09:16"
16,107957250,"Kevin Kolk @ The East Room","Kevin Kolk",2026-03-09T20:30:00,"The East Room","2412 Gallatin Ave, Nashville, TN, United States",36.194499,-86.743006,"Kevin Kolk at The East Room 2026-03-09T20:30:00",Unknown,Available,"Kevin Kolk",Music,General,https://www.bandsintown.com/e/107957250-kevin-kolk-at-the-east-room,"2026-03-09 09:09:17"
17,107693815,"Mitch Whitaker @ The Green Light","Mitch Whitaker",2026-03-09T19:00:00,"The Green Light","833 Hawkins St, Nashville, TN, United States",36.147228,-86.7806303,"Playlisted Podcast: A live/podcast based out of Nashville, Tennessee that showcases Music City's best new talent. Each week enjoy celebrity hosts, and some of Nashville's brightest new stars. Live taping every Monday at 7pm in Nashville at the Green Light Bar located at 833 Hawkins St. <a target='_blank' href='https://www.youtube.com/@PlaylistedPod'>https://www.youtube.com/@PlaylistedPod</a>",Unknown,Available,"Mitch Whitaker",Music,General,https://www.bandsintown.com/e/107693815-mitch-whitaker-at-the-green-light,"2026-03-09 09:09:17"
18,108033899,"Stephanie Ryann @ Cambria Hotel Nashville Downtown","Stephanie Ryann",2026-03-09T20:00:00,"Cambria Hotel Nashville Downtown","118 8th Ave S, Nashville, TN, United States",36.1577047,-86.7811605,"Stephanie Ryann at Cambria Hotel Nashville Downtown 2026-03-09T20:00:00",Unknown,Available,"Stephanie Ryann",Music,General,https://www.bandsintown.com/e/108033899-stephanie-ryann-at-cambria-hotel-nashville-downtown,"2026-03-09 09:09:18"
19,107912776,"Brassfield @ Country Music Hall of Fame and Museum",Brassfield,2026-03-09T18:00:00,"Country Music Hall of Fame and Museum","222 5th Ave S, Nashville, TN, United States",36.1582632,-86.7761258,"Brassfield at Country Music Hall of Fame and Museum 2026-03-09T18:00:00",Unknown,Available,Brassfield,Music,General,https://www.bandsintown.com/e/107912776-brassfield-at-country-music-hall-of-fame-and-museum,"2026-03-09 09:09:18"
20,108007104,"Shelby Lee Lowe @ Chief's on Broadway","Shelby Lee Lowe",2026-03-09T10:30:00,"Chief's on Broadway","200 Broadway, Nashville, TN, United States",36.1619481,-86.775512,"Shelby Lee Lowe performing live at Chief's on Broadway from 10:30am to 2:30am",Unknown,Available,"Shelby Lee Lowe",Music,General,"https://www.bandsintown.com/e/108007104-shelby-lee-lowe-at-chief's-on-broadway","2026-03-09 09:09:19"
21,107666588,"Jeff Lysyczyn @ Burger Bar","Jeff Lysyczyn",2026-03-09T18:00:00,"Burger Bar","1850 Old Fort Pkwy, Murfreesboro, TN, United States",35.84562,-86.39027,"Jeff Lysyczyn at Burger Bar 2026-03-09T18:00:00",Unknown,Available,"Jeff Lysyczyn",Music,General,https://www.bandsintown.com/e/107666588-jeff-lysyczyn-at-burger-bar,"2026-03-09 09:09:19"
22,107768003,"Kimberly Dawn @ The Stillery Midtown","Kimberly Dawn",2026-03-09T18:00:00,"The Stillery Midtown","1921 Broadway, Nashville, TN, United States",36.1495393,-86.7978094,"It's a staple spot in Nashville to hear live music.  Come out to The Stillery, Midtown, for some great music from one of your favorite country artists, Kimberly Dawn.  Come here for brand new music and stick around to hear so many talented songwriters share their music",Unknown,Available,"Kimberly Dawn",Arts,General,https://www.bandsintown.com/e/107768003-kimberly-dawn-at-the-stillery-midtown,"2026-03-09 09:09:20"
23,107820569,"Ariel Jade @ Alley Taps","Ariel Jade",2026-03-09T18:00:00,"Alley Taps","162 Printer's Alley, Nashville, TN, United States",36.163509,-86.7780866,"Ready for a Nashville Writer's Round? 
Join us in the historic Printer's Alley @ Alley Taps!",Unknown,Available,"Ariel Jade",Music,General,https://www.bandsintown.com/e/107820569-ariel-jade-at-alley-taps,"2026-03-09 09:09:21"
24,1037953194,"good flying birds @ DRKMTTR","good flying birds",2026-03-09T20:00:00,DRKMTTR,"1111 Dickerson Pike, Nashville, TN, United States",36.1909345,-86.7726224,"good flying birds at DRKMTTR 2026-03-09T20:00:00",Unknown,Available,"good flying birds",Music,General,https://www.bandsintown.com/e/1037953194-good-flying-birds-at-drkmttr,"2026-03-09 09:09:27"
25,107961215,"Jason McPhail @ Teddy's Tavern","Jason McPhail",2026-03-09T20:00:00,"Teddy's Tavern","104 Rep. John Lewis Way S, Nashville, TN, United States",36.1601833,-86.7780541,"Jason McPhail at Teddy's Tavern 2026-03-09T20:00:00",Unknown,Available,"Jason McPhail",Music,General,"https://www.bandsintown.com/e/107961215-jason-mcphail-at-teddy's-tavern","2026-03-09 09:09:28"
26,107786338,"JMSN @ The Mill at Cannery Hall",JMSN,2026-03-09T19:00:00,"The Mill at Cannery Hall","1 Cannery Row, Nashville, TN, United States",36.16589,-86.78444,"JMSN at The Mill at Cannery Hall 2026-03-09T19:00:00",Unknown,Available,JMSN,Music,General,https://www.bandsintown.com/e/107786338-jmsn-at-the-mill-at-cannery-hall,"2026-03-09 09:09:29"
27,1037953201,"TV Buddha @ DRKMTTR","TV Buddha",2026-03-09T20:00:00,DRKMTTR,"1111 Dickerson Pike, Nashville, TN, United States",36.1909345,-86.7726224,"TV Buddha at DRKMTTR 2026-03-09T20:00:00",Unknown,Available,"TV Buddha",Music,General,https://www.bandsintown.com/e/1037953201-tv-buddha-at-drkmttr,"2026-03-09 09:09:30"
28,107872638,"Weeping Wound @ The End","Weeping Wound",2026-03-10T17:00:00,"The End","2219 Elliston Pl, Nashville, TN, United States",36.151018,-86.804243,"3/10/2026 - Nashville, TN at The End
WEEPING WOUND
with
Local Support",Unknown,Available,"Weeping Wound",Music,General,https://www.bandsintown.com/e/107872638-weeping-wound-at-the-end,"2026-03-09 09:09:31"
29,108013292,"Audra Lynn Mclaughlin @ Ole Red","Audra Lynn Mclaughlin",2026-03-10T11:00:00,"Ole Red","300 Broadway, Nashville, TN, United States",36.1617468,-86.776298,Trio,Unknown,Available,"Audra Lynn Mclaughlin",Music,General,https://www.bandsintown.com/e/108013292-audra-lynn-mclaughlin-at-ole-red,"2026-03-09 09:09:32"
30,108028624,"Nashville Tour Stop @ Tennessee Brew Works","Nashville Tour Stop",2026-03-10T18:00:00,"Tennessee Brew Works","110 28th Avenue North, Nashville, TN, United States",36.16589,-86.78444,"Nashville Tour Stop original music showcases at Tennessee Brew Works feature songwriters and artists of all genres. Founded in 2018 by Aaron Schilb, Nashville Tour Stop is a live music production company that is built upon a community of thousands Nashville's songwriters, artists, and creatives. Artists like GAYLE, Priscilla Block, Ashley Cooke, and Tigirlily Gold and songwriters behind smash hits from Blake Shelton, Cody Johnson, Tim McGraw, Jason Aldean, Dolly Parton, Taylor Swift and dozens of others, NTS integrates veteran songwriters and first time performers to hundreds of local live music events each year creating a platform for artists of all varieties, all genres of music, and all walks of life. To learn more about Nashville Tour Stop follow on Instagram @nashvilletourstop or on the web at nashvilletourstop.com",Unknown,Available,"Nashville Tour Stop",Arts,General,https://www.bandsintown.com/e/108028624-nashville-tour-stop-at-tennessee-brew-works,"2026-03-09 09:09:32"
31,108007098,"Shelby Lee Lowe @ Chief's on Broadway","Shelby Lee Lowe",2026-03-10T10:30:00,"Chief's on Broadway","200 Broadway, Nashville, TN, United States",36.1619481,-86.775512,"Shelby Lee Lowe performing live at Chief's on Broadway from 10:30am to 2:30am",Unknown,Available,"Shelby Lee Lowe",Music,General,"https://www.bandsintown.com/e/108007098-shelby-lee-lowe-at-chief's-on-broadway","2026-03-09 09:09:33"
32,108050306,"Luke and Kaylee @ The Detroit Cowboy","Luke and Kaylee",2026-03-10T19:00:00,"The Detroit Cowboy","500 11th Ave N, Nashville, TN, United States",36.1637768,-86.7912083,"Luke and Kaylee at The Detroit Cowboy 2026-03-10T19:00:00",Unknown,Available,"Luke and Kaylee",Music,General,https://www.bandsintown.com/e/108050306-luke-and-kaylee-at-the-detroit-cowboy,"2026-03-09 09:09:34"
33,108001574,"Ross Flora Music @ BigShotz","Ross Flora Music",2026-03-10T17:00:00,BigShotz,"115 2nd Ave N, Nashville, TN, United States",36.162298,-86.775597,"Big Shotz Ross Flora Solo Acoustic",Unknown,Available,"Ross Flora Music",Music,General,https://www.bandsintown.com/e/108001574-ross-flora-music-at-bigshotz,"2026-03-09 09:09:35"
34,107699809,"The Royal Hounds @ Robert's Western World","The Royal Hounds",2026-03-10T14:30:00,"Robert's Western World","416B Broadway, Nashville, TN, United States",36.1609872,-86.7780462,"The Royal Hounds at Robert's Western World 2026-03-10T14:30:00",Unknown,Available,"The Royal Hounds",Music,General,"https://www.bandsintown.com/e/107699809-the-royal-hounds-at-robert's-western-world","2026-03-09 09:09:36"
35,1038055857,"Lindsey Hinkle @ 3rd and Lindsley","Lindsey Hinkle",2026-03-10T18:00:00,"3rd and Lindsley","818 3rd Ave S, Nashville, TN, United States",36.1522106,-86.7698586,"Lindsey Hinkle at 3rd and Lindsley 2026-03-10T18:00:00",Unknown,Available,"Lindsey Hinkle",Music,General,https://www.bandsintown.com/e/1038055857-lindsey-hinkle-at-3rd-and-lindsley,"2026-03-09 09:09:38"
36,108055614,"Erin Stoll @ The Nashville Palace","Erin Stoll",2026-03-10T18:00:00,"The Nashville Palace","2611 McGavock Pike, Nashville, TN, United States",36.2175576,-86.6983601,"Erin Stoll at The Nashville Palace 2026-03-10T18:00:00",Unknown,Available,"Erin Stoll",Music,General,https://www.bandsintown.com/e/108055614-erin-stoll-at-the-nashville-palace,"2026-03-09 09:09:40"
37,107748769,"Colleen McKenna @ The 5 Spot","Colleen McKenna",2026-03-10T18:00:00,"The 5 Spot","1006 Forest Ave, Nashville, TN, United States",36.1784111,-86.7503972,"Colleen McKenna at The 5 Spot 2026-03-10T18:00:00",Unknown,Available,"Colleen McKenna",Music,General,https://www.bandsintown.com/e/107748769-colleen-mckenna-at-the-5-spot,"2026-03-09 09:09:40"
38,1038055886,"Breann Young @ 3rd and Lindsley","Breann Young",2026-03-10T18:00:00,"3rd and Lindsley","818 3rd Ave S, Nashville, TN, United States",36.1522106,-86.7698586,"Breann Young at 3rd and Lindsley 2026-03-10T18:00:00",Unknown,Available,"Breann Young",Music,General,https://www.bandsintown.com/e/1038055886-breann-young-at-3rd-and-lindsley,"2026-03-09 09:09:40"
39,108059228,"Megan Golden @ Mellow Mushroom","Megan Golden",2026-03-10T11:00:00,"Mellow Mushroom","423 Broadway, Nashville, TN, United States",36.1604093,-86.777885,"Megan Golden at Mellow Mushroom 2026-03-10T11:00:00",Unknown,Available,"Megan Golden",Music,General,https://www.bandsintown.com/e/108059228-megan-golden-at-mellow-mushroom,"2026-03-09 09:09:41"
40,107964910,"Porter Howell @ Locale Nashville | Music Row","Porter Howell",2026-03-10T18:00:00,"Locale Nashville | Music Row","1221 Division St, Nashville, TN, United States",36.1511826,-86.7873871,"Porter Howell has helped distinguish country music through his lyrics and lead guitar work for more than 35 years. As a founding member and lead guitarist of the multi-platinum, GRAMMY-nominated vocal band Little Texas, he developed a signature slide guitar style that defined the band’s sound and set them apart as one of the first groups in country music to write and perform all their own hits.

For the past two decades, Howell has also stepped into the role of lead vocalist while continuing his work as guitarist, balancing touring life with his passion for songwriting. He co-wrote many of the band’s biggest hits, including the three consecutive No. 1 singles “What Might Have Been,” “God Blessed Texas,” and “My Love”—earning him the CMA Triple Play Award.

Beyond Little Texas, Howell has written for a wide range of artists, co-penning the top-five Hall & Oates single “If a Promise Ain’t Enough” and cuts by Trace Adkins, Montgomery Gentry, James Otto, and others. An East Texas native, he remains active recording and touring with Little Texas, and also writes and performs with hilljack, his alt-country side project with longtime friends and collaborators Paul Jefferson, Sonny LeMaire of Exile, and John Riffe.",Unknown,Available,"Porter Howell",Sports,General,https://www.bandsintown.com/e/107964910-porter-howell-at-locale-nashville-or-music-row,"2026-03-09 09:09:43"
41,107778156,"Anna LaPrad @ Legends Corner","Anna LaPrad",2026-03-10T14:45:00,"Legends Corner","428 Broadway, Nashville, TN, United States",36.1606801,-86.7783787,"Full band show - all ages welcome",Unknown,Available,"Anna LaPrad",Music,"All Ages",https://www.bandsintown.com/e/107778156-anna-laprad-at-legends-corner,"2026-03-09 09:09:44"
42,108012907,"Aaron Williams @ Homestead Manor","Aaron Williams",2026-03-10T18:30:00,"Homestead Manor","4683 Columbia Pike, Thompson's Station, TN, United States",35.8008836,-86.9053132,"A time to celebrate Baily Hager's newest music project: ""New Thing”, and a fundraiser for Stay Here: a suicide prevention non profit. Still Here, will be hosted by Christian artist Baily Hager. This event will be a time to celebrate her newest music project: ""New Thing”. This evening will be a time of giving back to the Stay Here mission. Stay Here gave Baily hope in a time of brokenness.

About Stay Here:
Stay Here is a Mental Health Organization Dedicated to Giving Hope to Those Battling Brokenness, Depression, Anxiety, Self-Harm, Addiction and Suicide. Stay Here puts practical tools in the hands of people that need help in times of crisis by providing free resources. These resources include free therapy, suicide prevention training, access to 24/7 crisis call lines, and more.",Unknown,Available,"Aaron Williams",Arts,General,https://www.bandsintown.com/e/108012907-aaron-williams-at-homestead-manor,"2026-03-09 09:09:45"
43,108030316,"Adam Hood @ The Station Inn","Adam Hood",2026-03-10T19:00:00,"The Station Inn","402 12th Ave S, Nashville, TN, United States",36.152532,-86.784533,"Adam Hood at The Station Inn 2026-03-10T19:00:00",Unknown,Available,"Adam Hood",Music,General,https://www.bandsintown.com/e/108030316-adam-hood-at-the-station-inn,"2026-03-09 09:09:46"
44,1038080505,"Ernest @ Grand Ole Opry House",Ernest,2026-03-10T19:00:00,"Grand Ole Opry House","2804 Opryland Dr, Nashville, TN, United States",36.2068571,-86.6921085,"Grand Ole Opry: OPRY 100",Unknown,Available,Ernest,Music,General,https://www.bandsintown.com/e/1038080505-ernest-at-grand-ole-opry-house,"2026-03-09 09:09:47"
45,1037313635,"Wretched @ Exit/In",Wretched,2026-03-10T19:30:00,Exit/In,"2208 Elliston Place, Nashville, TN, United States",36.1513996,-86.80434,Nekrogoblikon,Unknown,Available,Wretched,Music,General,https://www.bandsintown.com/e/1037313635-wretched-at-exitin,"2026-03-09 09:09:48"
46,1038236271,"Aris @ Live Oak",Aris,2026-03-10T19:00:00,"Live Oak","1530 Demonbreun St, Nashville, TN, United States",36.1528877,-86.7909196,"Free admission at Live Oak Midtown from 7-11pm. Incredible Artists with full-band sets.",Unknown,Available,Aris,Arts,General,https://www.bandsintown.com/e/1038236271-aris-at-live-oak,"2026-03-09 09:09:49"
47,107991378,"Makenzie Phipps @ Margaritaville Restaurant Nashville","Makenzie Phipps",2026-03-10T19:00:00,"Margaritaville Restaurant Nashville","322 Broadway, Nashville, TN, United States",36.16138,-86.777197,"Makenzie Phipps at Margaritaville Restaurant Nashville 2026-03-10T19:00:00",Unknown,Available,"Makenzie Phipps",Music,General,https://www.bandsintown.com/e/107991378-makenzie-phipps-at-margaritaville-restaurant-nashville,"2026-03-09 09:09:49"
48,1037907144,"Barrett @ The Basement East",Barrett,2026-03-10T20:00:00,"The Basement East","917 Woodland St, Nashville, TN, United States",36.175686,-86.75559,"Barrett at The Basement East 2026-03-10T20:00:00",Unknown,Available,Barrett,Music,General,https://www.bandsintown.com/e/1037907144-barrett-at-the-basement-east,"2026-03-09 09:09:51"
49,107942575,"Dave Lenahan @ Commodore Lounge","Dave Lenahan",2026-03-10T19:30:00,"Commodore Lounge","2613 W End Ave, Nashville, TN, United States",36.14544,-86.811466,"Dave Lenahan at Commodore Lounge 2026-03-10T19:30:00",Unknown,Available,"Dave Lenahan",Music,General,https://www.bandsintown.com/e/107942575-dave-lenahan-at-commodore-lounge,"2026-03-09 09:09:52"
50,107799057,"Lúnasa @ City Winery Nashville","Lúnasa",2026-03-10T19:30:00,"City Winery Nashville","609 Lafayette St, Nashville, TN, United States",36.152287,-86.7762891,"City Winery Nashville Presents Lúnasa live on Tuesday, March 10th at 7:30 PM!
Named for an ancient Celtic harvest festival in honor of the Irish god Lugh, patron of the arts, Lúnasa is indeed a gathering of some of the top musical talents in Ireland. Its members have helped form the backbone of some of the greatest Irish groups of the decade.

Bassist Trevor Hutchinson was a key member of The Waterboys, and later he, with guitarist Donogh Hennessy, would form the dynamic rhythm section of The Sharon Shannon Band; Ed Boyd (Flook, Michael McGoldrick Band) has recently replaced Hennessy; Fiddler Sean Smyth is an All-Ireland champion who has played with Donal Lunny’s Coolfin; Kevin Crawford, considered to be among the finest flutists in Ireland played with the acclaimed traditional group Moving Cloud; and, piper Cillian Vallely of the famous Vallely artistic clan has performed with Riverdance and recently recorded with Bruce Springsteen. Folk Roots magazine has rightly termed them an “Irish music dream team.”",Unknown,Available,"Lúnasa",Festival,General,https://www.bandsintown.com/e/107799057-lunasa-at-city-winery-nashville,"2026-03-09 09:09:53"
51,107906521,"Eliza Thorn @ Eastside Bowl","Eliza Thorn",2026-03-10T20:00:00,"Eastside Bowl","1508A Gallatin Pike S, Nashville, TN, United States",36.2376722,-86.7264616,"Eliza Thorn at Eastside Bowl 2026-03-10T20:00:00",Unknown,Available,"Eliza Thorn",Music,General,https://www.bandsintown.com/e/107906521-eliza-thorn-at-eastside-bowl,"2026-03-09 09:09:53"
52,108006451,"True Youngblood @ The Cobra","True Youngblood",2026-03-10T19:00:00,"The Cobra","2511 Gallatin Ave, Nashville, TN, United States",36.1955993,-86.7431116,"Join The 65 Drifters, Rachel Rivelle, and True Youngblood and his All Star Band as they take the stage at The Cobra for a night of good country rockin'.",Unknown,Available,"True Youngblood",Music,General,https://www.bandsintown.com/e/108006451-true-youngblood-at-the-cobra,"2026-03-09 09:09:54"
53,1038171902,"Erin Viancourt @ 3rd and Lindsley","Erin Viancourt",2026-03-10T19:30:00,"3rd and Lindsley","818 3rd Ave S, Nashville, TN, United States",36.1522106,-86.7698586,"Erin Viancourt at 3rd and Lindsley 2026-03-10T19:30:00",Unknown,Available,"Erin Viancourt",Music,General,https://www.bandsintown.com/e/1038171902-erin-viancourt-at-3rd-and-lindsley,"2026-03-09 09:09:55"
54,1038236094,"Elia Esparza @ Live Oak","Elia Esparza",2026-03-10T19:00:00,"Live Oak","1530 Demonbreun St, Nashville, TN, United States",36.1528877,-86.7909196,"Free admission at Live Oak Midtown from 7-11pm. Incredible Artists with full-band sets.",Unknown,Available,"Elia Esparza",Arts,General,https://www.bandsintown.com/e/1038236094-elia-esparza-at-live-oak,"2026-03-09 09:09:56"
55,107859510,"TAKE THE SHOT @ The Arcane Workshop","TAKE THE SHOT",2026-03-11T19:00:00,"The Arcane Workshop","113 E Old Hickory Blvd, Nashville, TN, United States",36.2625498,-86.7111206,"TAKE THE SHOT at The Arcane Workshop 2026-03-11T19:00:00",Unknown,Available,"TAKE THE SHOT",Music,General,https://www.bandsintown.com/e/107859510-take-the-shot-at-the-arcane-workshop,"2026-03-09 09:09:56"
56,107913121,"Alannah McCready @ Live Oak","Alannah McCready",2026-03-11T19:00:00,"Live Oak","1530 Demonbreun St, Nashville, TN, United States",36.1528877,-86.7909196,"Alannah McCready at Live Oak 2026-03-11T19:00:00",Unknown,Available,"Alannah McCready",Music,General,https://www.bandsintown.com/e/107913121-alannah-mccready-at-live-oak,"2026-03-09 09:09:57"
57,107942522,"Cami Nyx @ Mellow Mushroom","Cami Nyx",2026-03-11T11:00:00,"Mellow Mushroom","423 Broadway, Nashville, TN, United States",36.1604093,-86.777885,"Cami Nyx 11:00-2:00",Unknown,Available,"Cami Nyx",Music,General,https://www.bandsintown.com/e/107942522-cami-nyx-at-mellow-mushroom,"2026-03-09 09:09:58"
58,107992648,"Michael Scott @ Whiskey Bent Saloon","Michael Scott",2026-03-11T18:00:00,"Whiskey Bent Saloon","306 Broadway, Nashville, TN, United States",36.161533,-86.7764228,"Michael Scott at Whiskey Bent Saloon 2026-03-11T18:00:00",Unknown,Available,"Michael Scott",Music,General,https://www.bandsintown.com/e/107992648-michael-scott-at-whiskey-bent-saloon,"2026-03-09 09:09:58"
59,108022936,"Clare Cunningham @ Moxy Nashville Downtown","Clare Cunningham",2026-03-11T19:00:00,"Moxy Nashville Downtown","110 3rd Ave S, Nashville, TN, United States",36.161118,-86.7753746,"Clare Cunningham at Moxy Nashville Downtown 2026-03-11T19:00:00",Unknown,Available,"Clare Cunningham",Music,General,https://www.bandsintown.com/e/108022936-clare-cunningham-at-moxy-nashville-downtown,"2026-03-09 09:09:59"
60,1037596005,"Troy White @ Tin Roof Broadway","Troy White",2026-03-11T11:00:00,"Tin Roof Broadway","316 Broadway, Nashville, TN, United States",36.1615096,-86.7769355,"This soulful and upbeat crooner will knock your socks off!",Unknown,Available,"Troy White",Music,General,https://www.bandsintown.com/e/1037596005-troy-white-at-tin-roof-broadway,"2026-03-09 09:09:59"
61,107553560,"Taj Farrant @ 3rd and Lindsley","Taj Farrant",2026-03-11T18:00:00,"3rd and Lindsley","818 3rd Ave S, Nashville, TN, United States",36.1522106,-86.7698586,"Taj and his band are gearing up for an exciting 2026 tour, bringing their unmistakable blend of blues, soul, and raw musicianship back to the stage. Known for their deep groove and undeniable chemistry, the band delivers every performance with heart, humor, and a whole lot of soul. This time around, they’ll be sharing something extra special, a handful of brand new, original songs that give a fresh glimpse into what’s next for Taj. Expect an unforgettable night of music that moves and a band that’s never sounded better.",Unknown,Available,"Taj Farrant",Arts,General,https://www.bandsintown.com/e/107553560-taj-farrant-at-3rd-and-lindsley,"2026-03-09 09:10:00"
62,108059231,"Megan Golden @ Drury Plaza Hotel Nashville Downtown","Megan Golden",2026-03-10T20:30:00,"Drury Plaza Hotel Nashville Downtown","300 Korean Veterans Blvd, Nashville, TN, United States",36.1577667,-86.7739029,"Megan Golden at Drury Plaza Hotel Nashville Downtown 2026-03-10T20:30:00",Unknown,Available,"Megan Golden",Music,General,https://www.bandsintown.com/e/108059231-megan-golden-at-drury-plaza-hotel-nashville-downtown,"2026-03-09 09:10:00"
63,107905682,"Mark Taylor @ The Listening Room Cafe","Mark Taylor",2026-03-10T20:30:00,"The Listening Room Cafe","618 4th Ave S, Nashville, TN, United States",36.153835,-86.772268,"Join Mark, Andy, and Mark for a night at the Listening Room Cafe in Nashville!",Unknown,Available,"Mark Taylor",Music,General,https://www.bandsintown.com/e/107905682-mark-taylor-at-the-listening-room-cafe,"2026-03-09 09:10:00"
64,107867742,"Max Bartos & The Misfit Toys @ City Winery Nashville","Max Bartos & The Misfit Toys",2026-03-11T18:00:00,"City Winery Nashville","609 Lafayette St, Nashville, TN, United States",36.152287,-86.7762891,"Max Bartos & The Misfit Toys at City Winery Nashville 2026-03-11T18:00:00",Unknown,Available,"Max Bartos & The Misfit Toys",Arts,General,https://www.bandsintown.com/e/107867742-max-bartos-and-the-misfit-toys-at-city-winery-nashville,"2026-03-09 09:10:01"
65,1038039996,"Clint Daniels @ The Bluebird Cafe","Clint Daniels",2026-03-10T21:00:00,"The Bluebird Cafe","4104 Hillsboro Pike, Nashville, TN, United States",36.1020761,-86.8168645,"There are 18 tables, 8 bar seats and 8 church pew seats available for reservation. The remaining pew seats for this show are not reserved in advance. These seats are available on a first come/first served basis when doors open. Ticket reservations at The Bluebird Cafe are an agreement to pay the cover charge and applicable taxes/fees and to meet the $15.00 per seat food and/or drink minimum.Ticket holders may cancel their reservation for a full refund of the ticket price and applicable tax (excluding ticketing fees) if the cancellation is made at least 48 hours before the scheduled showtime. Cancellations made within 48 hours of the show are non-refundable. To cancel, please email info@bluebirdcafe.com or call 615-383-1461. Phone line hours are Monday-Friday, 12-4 pm.Note: When making reservations, choose the table you would like and then add the number of seats you need to your cart by using the + button. You are NOT reserving an entire table if you choose 1 (by choosing 1, you are reserving 1 seat). We reserve ALL seats at each table. If you are a smaller party at a larger table, you will be seated with guests outside your party.",Unknown,Available,"Clint Daniels",Arts,General,https://www.bandsintown.com/e/1038039996-clint-daniels-at-the-bluebird-cafe,"2026-03-09 09:10:02"
66,107972209,"Kimberly Dawn @ Anzie Blue","Kimberly Dawn",2026-03-11T18:00:00,"Anzie Blue","2111 Belcourt Ave, Nashville, TN, United States",36.1364729,-86.801439,"This is a songwriter round. If you're wanting to experience a Nashville-style songwriter round and getting to hear original music , this is a must see . Anzie Blue is a beautiful music venue",Unknown,Available,"Kimberly Dawn",Music,General,https://www.bandsintown.com/e/107972209-kimberly-dawn-at-anzie-blue,"2026-03-09 09:10:02"
67,108007113,"Shelby Lee Lowe @ Chief's on Broadway","Shelby Lee Lowe",2026-03-11T10:30:00,"Chief's on Broadway","200 Broadway, Nashville, TN, United States",36.1619481,-86.775512,"Shelby Lee Lowe performing live at Chief's on Broadway from 10:30am to 2:30am",Unknown,Available,"Shelby Lee Lowe",Music,General,"https://www.bandsintown.com/e/108007113-shelby-lee-lowe-at-chief's-on-broadway","2026-03-09 09:10:02"
68,107871401,"Meg Williams @ Bourbon Street Blues and Boogie Bar","Meg Williams",2026-03-11T16:00:00,"Bourbon Street Blues and Boogie Bar","220 Printers Alley, Nashville, TN, United States",36.164787,-86.77888,"Meg Williams at Bourbon Street Blues and Boogie Bar 2026-03-11T16:00:00",Unknown,Available,"Meg Williams",Music,General,https://www.bandsintown.com/e/107871401-meg-williams-at-bourbon-street-blues-and-boogie-bar,"2026-03-09 09:10:03"
69,108058925,"Ivy Alex @ The 5 Spot","Ivy Alex",2026-03-10T20:30:00,"The 5 Spot","1006 Forest Ave, Nashville, TN, United States",36.1784111,-86.7503972,"Satellite Williams
Ivy Alex
Nolen Durham
Frasco
Snipecatcher
Patrick Sweany

$5 cover at door
Doors: 8pm",Unknown,Available,"Ivy Alex",Music,General,https://www.bandsintown.com/e/108058925-ivy-alex-at-the-5-spot,"2026-03-09 09:10:03"
70,107893507,"Wild Bill and the Bruisers @ AJ's Goodtime Bar","Wild Bill and the Bruisers",2026-03-11T14:30:00,"AJ's Goodtime Bar","421 Broadway,, Nashville, TN, United States",36.1603987,-86.7777891,"The rowdiest band you've EVER heard!",Unknown,Available,"Wild Bill and the Bruisers",Music,General,"https://www.bandsintown.com/e/107893507-wild-bill-and-the-bruisers-at-aj's-goodtime-bar","2026-03-09 09:10:04"
71,107722891,"Ariel Jade @ Love and Exile Wines","Ariel Jade",2026-03-11T19:00:00,"Love and Exile Wines","715 Main St A, Nashville, TN, United States",36.175404,-86.759785,"Come celebrate original artists & support live local music!

Jaded Jams (n.) - Songwriter Showcase curated & hosted by Ariel Jade featuring hit songwriters, up-and-comers, and songwriters in Nashville on tour
**Interested in playing? Visit ArielJade.com & submit an application at the bottom of the home page!",Unknown,Available,"Ariel Jade",Arts,General,https://www.bandsintown.com/e/107722891-ariel-jade-at-love-and-exile-wines,"2026-03-09 09:10:04"
72,108010746,"James Carothers @ The Nashville Palace","James Carothers",2026-03-10T21:00:00,"The Nashville Palace","2611 McGavock Pike, Nashville, TN, United States",36.2175576,-86.6983601,"James Carothers @ The Nashville Palace
9 PM - 12 AM",Unknown,Available,"James Carothers",Music,General,https://www.bandsintown.com/e/108010746-james-carothers-at-the-nashville-palace,"2026-03-09 09:10:04"
73,108042732,"Esh x Schief @ Chases on the Beach","Esh x Schief",2026-03-09T21:00:00,"Chases on the Beach","3401 S Atlantic Ave, New Smyrna Beach, FL, United States",29.0116766,-80.8800832,"Spring breakers wya! Jammin with the full band 9-1AM!",Unknown,Available,"Esh x Schief",Music,General,https://www.bandsintown.com/e/108042732-esh-x-schief-at-chases-on-the-beach,"2026-03-09 09:10:05"
74,108020336,"Calling Crystal @ Disney Springs","Calling Crystal",2026-03-09T14:00:00,"Disney Springs","1486 Buena Vista Dr, Lake Buena Vista, FL, United States",28.3705684,-81.5193588,"Calling Crystal at Disney Springs 2026-03-09T14:00:00",Unknown,Available,"Calling Crystal",Music,General,https://www.bandsintown.com/e/108020336-calling-crystal-at-disney-springs,"2026-03-09 09:10:05"
75,107889113,"Dear Cincinnati @ Will's Pub","Dear Cincinnati",2026-03-10T19:00:00,"Will's Pub","1042 N Mills Ave, Orlando, FL, United States",28.559887,-81.3646031,"Dear Cincinnati at Will's Pub 2026-03-10T19:00:00",Unknown,Available,"Dear Cincinnati",Music,General,"https://www.bandsintown.com/e/107889113-dear-cincinnati-at-will's-pub","2026-03-09 09:10:05"
76,107646216,"Frank Lucero @ Carnival Glory","Frank Lucero",2026-03-10T20:00:00,"Carnival Glory","Port Canaveral Trailer Park, FL, United States",28.40408,-80.60505,"Carnival Glory Embark 3/10- 3/18, debark Ponte Delgada, Azores",Unknown,Available,"Frank Lucero",Festival,General,https://www.bandsintown.com/e/107646216-frank-lucero-at-carnival-glory,"2026-03-09 09:10:06"
77,1038168110,"Shameless Namedroppers @ Kimber's Bar & Grill","Shameless Namedroppers",2026-03-10T15:00:00,"Kimber's Bar & Grill","6000 FL-544 Suite 9 & 10, Winter Haven, FL, United States",28.080387,-81.661694,"Enjoy your favorite classic rock, country pop and more from two storytelling professionals. Great food and drink specials!",Unknown,Available,"Shameless Namedroppers",Music,General,"https://www.bandsintown.com/e/1038168110-shameless-namedroppers-at-kimber's-bar-and-grill","2026-03-09 09:10:06"
78,108013249,"Haze Over Hollywood @ Disney Springs","Haze Over Hollywood",2026-03-10T18:00:00,"Disney Springs","1486 Buena Vista Dr, Lake Buena Vista, FL, United States",28.3705684,-81.5193588,"Haze Over Hollywood at Disney Springs 2026-03-10T18:00:00",Unknown,Available,"Haze Over Hollywood",Music,General,https://www.bandsintown.com/e/108013249-haze-over-hollywood-at-disney-springs,"2026-03-09 09:10:07"
79,107658700,"Aeternum @ West End Trading Company",Aeternum,2026-03-11T18:00:00,"West End Trading Company","202 S Sanford Ave, Sanford, FL, United States",28.8107128,-81.2651421,"Rust and Revelations Tour with Ventana and special guests Aeternum",Unknown,Available,Aeternum,Music,General,https://www.bandsintown.com/e/107658700-aeternum-at-west-end-trading-company,"2026-03-09 09:10:07"
80,1036908168,"Gary Numan @ The Plaza Live","Gary Numan",2026-03-09T20:00:00,"The Plaza Live","425 N Bumby Ave, Orlando, FL, United States",28.5486774,-81.3513424,"Gary Numan",Unknown,Available,"Gary Numan",Music,General,https://www.bandsintown.com/e/1036908168-gary-numan-at-the-plaza-live,"2026-03-09 09:10:08"
81,1038029369,"Murray Hidary @ Flagler Avenue Beachfront Park (on the beach itself)","Murray Hidary",2026-03-11T18:00:00,"Flagler Avenue Beachfront Park (on the beach itself)","201 Buenos Aires Street, New Smyrna Beach, FL, United States",29.02582,-80.927,"Experience an immersive musical journey as MindTravel brings a signature live piano concert back to New Smyrna Beach in March!",Unknown,Available,"Murray Hidary",Music,General,https://www.bandsintown.com/e/1038029369-murray-hidary-at-flagler-avenue-beachfront-park-(on-the-beach-itself),"2026-03-09 09:10:08"
82,107651007,"Tommy Treadway @ Breezes Restaurant & Bar","Tommy Treadway",2026-03-11T17:00:00,"Breezes Restaurant & Bar","8505 W Irlo Bronson Memorial Hwy, Kissimmee, FL, United States",28.3532967,-81.625491,"Breezes Bar, Orange Lake Resort
Kissimmee, FL
Join us for music and fun!!",Unknown,Available,"Tommy Treadway",Music,General,https://www.bandsintown.com/e/107651007-tommy-treadway-at-breezes-restaurant-and-bar,"2026-03-09 09:10:08"
83,107977496,"Andrew Williams @ West End Trading Company","Andrew Williams",2026-03-09T20:00:00,"West End Trading Company","202 S Sanford Ave, Sanford, FL, United States",28.8107128,-81.2651421,"Andrew Williams at West End Trading Company 2026-03-09T20:00:00",Unknown,Available,"Andrew Williams",Music,General,https://www.bandsintown.com/e/107977496-andrew-williams-at-west-end-trading-company,"2026-03-09 09:10:08"
84,108028449,"Mike Monts De Oca @ Cherry Pocket Steak & Seafood Shak","Mike Monts De Oca",2026-03-11T16:00:00,"Cherry Pocket Steak & Seafood Shak","3100 Canal Rd, Lake Wales, FL, United States",27.9955995,-81.5435285,"Mike Monts De Oca at Cherry Pocket Steak & Seafood Shak 2026-03-11T16:00:00",Unknown,Available,"Mike Monts De Oca",Music,General,https://www.bandsintown.com/e/108028449-mike-monts-de-oca-at-cherry-pocket-steak-and-seafood-shak,"2026-03-09 09:10:09"
85,107946492,"Jordan Foley @ Lil Indies","Jordan Foley",2026-03-10T19:00:00,"Lil Indies","1036 N Mills Ave, Orlando, FL, United States",28.559769,-81.3646724,"Jordan Foley at Lil Indies 2026-03-10T19:00:00",Unknown,Available,"Jordan Foley",Music,General,https://www.bandsintown.com/e/107946492-jordan-foley-at-lil-indies,"2026-03-09 09:10:09"
86,107463015,"Sherry Anne @ Lakes Church - Downtown Campus","Sherry Anne",2026-03-10T10:30:00,"Lakes Church - Downtown Campus","1010 E Memorial Blvd, Lakeland, FL, United States",28.056113,-81.944865,"MAM (Mature Adult Ministry) - $8.00 in advance / $10 during the week of the event for lunch.

In the Gathering Area and Worship Center. 
Enter under the grand staircase towards the east end of the property. 
First-time Guests: Free
Pre-register at 863-682-0163 or www.golakeschurch.com/events",Unknown,Available,"Sherry Anne",Music,General,https://www.bandsintown.com/e/107463015-sherry-anne-at-lakes-church-downtown-campus,"2026-03-09 09:10:10"
87,107493943,"Pat Metheny @ The Plaza Live","Pat Metheny",2026-03-10T20:00:00,"The Plaza Live","425 N Bumby Ave, Orlando, FL, United States",28.5486774,-81.3513424,"Pat Metheny at The Plaza Live 2026-03-10T20:00:00",Unknown,Available,"Pat Metheny",Music,General,https://www.bandsintown.com/e/107493943-pat-metheny-at-the-plaza-live,"2026-03-09 09:10:10"
88,107489395,"Machine Girl @ The Beacham","Machine Girl",2026-03-09T19:00:00,"The Beacham","46 N Orange Ave, Orlando, FL, United States",28.5429997,-81.3791995,"Machine Girl at The Beacham 2026-03-09T19:00:00",Unknown,Available,"Machine Girl",Music,General,https://www.bandsintown.com/e/107489395-machine-girl-at-the-beacham,"2026-03-09 09:10:10"
89,107794136,"JOHNNY DEBT @ Rusty's Seafood and Oyster Bar","JOHNNY DEBT",2026-03-11T18:00:00,"Rusty's Seafood and Oyster Bar","628 Glen Cheek Dr, Cape Canaveral, FL, United States",28.4085617,-80.6182578,"We always have a fun and friendly atmosphere that will put a smile on your face. Rusty's isn't just a place to come and eat, but also a great location for holiday parties or any special event.

Dive into our raw or steamed oysters, peel-and-eat shrimp, seared ahi tuna, buffalo wings, snow crab legs, a hearty bowl of our seafood or clam chowder. Wash it down with a pitcher of ice cold beer or your favorite cocktail, ice tea or soda.",Unknown,Available,"JOHNNY DEBT",Arts,General,"https://www.bandsintown.com/e/107794136-johnny-debt-at-rusty's-seafood-and-oyster-bar","2026-03-09 09:10:10"
90,1037412726,"John V @ Solita Tacos & Margaritas","John V",2026-03-10T18:00:00,"Solita Tacos & Margaritas","222 S Orange Ave, Orlando, FL, United States",28.5402413,-81.3791431,"John V at Solita Tacos & Margaritas 2026-03-10T18:00:00",Unknown,Available,"John V",Music,General,https://www.bandsintown.com/e/1037412726-john-v-at-solita-tacos-and-margaritas,"2026-03-09 09:10:11"
91,108020355,"Calling Crystal @ Marriott's Grande Vista","Calling Crystal",2026-03-11T18:00:00,"Marriott's Grande Vista","5925 Avenida Vista, Orlando, FL, United States",28.3972015,-81.4549773,"Calling Crystal at Marriott's Grande Vista 2026-03-11T18:00:00",Unknown,Available,"Calling Crystal",Music,General,"https://www.bandsintown.com/e/108020355-calling-crystal-at-marriott's-grande-vista","2026-03-09 09:10:11"
92,107694274,"Dear Maryanne @ Will's Pub","Dear Maryanne",2026-03-10T19:00:00,"Will's Pub","1042 N Mills Ave, Orlando, FL, United States",28.559887,-81.3646031,"Dear Maryanne at Will's Pub 2026-03-10T19:00:00",Unknown,Available,"Dear Maryanne",Music,General,"https://www.bandsintown.com/e/107694274-dear-maryanne-at-will's-pub","2026-03-09 09:10:12"
93,107981614,"KennaDee @ THE ANGLER'S CLUB",KennaDee,2026-03-10T17:30:00,"THE ANGLER'S CLUB","1020 Canal St, The Villages, FL, United States",28.9088637,-81.9752094,"KennaDee at THE ANGLER'S CLUB 2026-03-10T17:30:00",Unknown,Available,KennaDee,Music,General,"https://www.bandsintown.com/e/107981614-kennadee-at-the-angler's-club","2026-03-09 09:10:12"
94,108023143,"PopRoXxX @ ICEBAR Orlando",PopRoXxX,2026-03-12T21:00:00,"ICEBAR Orlando","8967 International Dr, Orlando, FL, United States",28.434688,-81.4717743,"TRL: ThrowBack Request Live at IceBar 📺
Thursday Nights on International Drive📍

Vote your favorite decades—80’s, 90’s, and 2000’s
You shape the playlist. You help curate the party
All the best throwbacks, all night long

No cover | Doors at 5pm | Party at 9pm
Vibe with us in the Fire Lounge! 🔥✨

☑️ VIP Service
☑️ Food Service
☑️ Bottle Service",Unknown,Available,PopRoXxX,Arts,General,https://www.bandsintown.com/e/108023143-poproxxx-at-icebar-orlando,"2026-03-09 09:10:12"
95,107968719,"Andrew Sapin @ Splitsville Luxury Lanes","Andrew Sapin",2026-03-10T13:00:00,"Splitsville Luxury Lanes","1494 E Buena Vista Dr, Lake Buena Vista, FL, United States",28.3700949,-81.5214515,"Andrew Sapin at Splitsville Luxury Lanes 2026-03-10T13:00:00",Unknown,Available,"Andrew Sapin",Music,General,https://www.bandsintown.com/e/107968719-andrew-sapin-at-splitsville-luxury-lanes,"2026-03-09 09:10:13"
96,107976629,"The Crutchfield Family @ Village of Faith","The Crutchfield Family",2026-03-12T18:00:00,"Village of Faith","8653 Co Rd 127, Wildwood, FL, United States",28.8829054,-82.0285915,"The Crutchfield Family at Village of Faith 2026-03-12T18:00:00",Unknown,Available,"The Crutchfield Family",Music,"Family Friendly",https://www.bandsintown.com/e/107976629-the-crutchfield-family-at-village-of-faith,"2026-03-09 09:10:13"
97,108023127,"PopRoXxX @ American Social Orlando",PopRoXxX,2026-03-13T16:00:00,"American Social Orlando","7335 W Sand Lake Rd #101, Orlando, FL, United States",28.4509863,-81.4793931,"PopRoXxX – Live at American Social 🌟
High-energy party vibes all night

Bring your crew and let’s light up AmSo ✨

No cover | Music starts at 8pm",Unknown,Available,PopRoXxX,Arts,General,https://www.bandsintown.com/e/108023127-poproxxx-at-american-social-orlando,"2026-03-09 09:10:13"
98,107767607,"Jon Berman @ Savannah Center","Jon Berman",2026-03-12T19:00:00,"Savannah Center","1545 North Buena Vista Blvd, The Villages, FL, United States",28.951746,-81.999294,"Jon Berman at Savannah Center 2026-03-12T19:00:00",Unknown,Available,"Jon Berman",Music,General,https://www.bandsintown.com/e/107767607-jon-berman-at-savannah-center,"2026-03-09 09:10:14"
99,1037019955,"Cas Haley @ West End Trading Company","Cas Haley",2026-03-12T20:00:00,"West End Trading Company","202 S Sanford Ave, Sanford, FL, United States",28.8107128,-81.2651421,"Cas Haley at West End Trading Company 2026-03-12T20:00:00",Unknown,Available,"Cas Haley",Music,General,https://www.bandsintown.com/e/1037019955-cas-haley-at-west-end-trading-company,"2026-03-09 09:10:14"
100,107369469,"Exit Left Rock & Party Band @ City Fire American Oven & Bar","Exit Left Rock & Party Band",2026-03-11T19:00:00,"City Fire American Oven & Bar","2716 Brownwood Blvd, The Villages, FL, United States",28.8444018,-82.0214762,"Exit Left returns to rock City Fire – Brownwood, Wednesday, March 11th from 7–10pm! Grab your crew and meet us at one of The Villages’ favorite live-music hangouts known for its lively crowd, tasty comfort-food menu, full bar, and friendly staff. There’s plenty of room to dance, sing along, and make a night of it. We’ll bring a high-energy mix of classic rock, pop rock, and feel-good favorites—from toe-tappers to dance-floor anthems—plus a few surprises. Come early for dinner and cocktails, stay for the show, and let’s turn Brownwood Paddock Square into a party!

When: Wednesday, March 11th • 7:00–10:00 PM
Where: City Fire – Brownwood (right by the  Brownwood Paddock Square)
Vibe: Great food + great drinks + great people + live music you know and love
Bring your dancing shoes and your best sing-along voice—Exit Left is back!",Unknown,Available,"Exit Left Rock & Party Band",Arts,General,https://www.bandsintown.com/e/107369469-exit-left-rock-and-party-band-at-city-fire-american-oven-and-bar,"2026-03-09 09:10:14"
101,107611118,"Classic Stones Live featuring The Glimmer Twins - Rolling Stones Tribute @ Athens Theatre","Classic Stones Live featuring The Glimmer Twins - Rolling Stones Tribute",2026-03-11T19:30:00,"Athens Theatre","124 N Florida Ave, DeLand, FL, United States",29.0289229,-81.3057707,"This 9 piece International Touring Tribute to The Greatest Rock N Roll Band in The World performs @ The Athens Theatre in Deland FL. on Wed. March 11th. From the iconic sax solo in ""Brown Sugar"", to the haunting female vocals in ""Gimme Shelter"", no STONE is left unturned. All the hits and a few rarities as well. Join us for a night of fun and music!",Unknown,Available,"Classic Stones Live featuring The Glimmer Twins - Rolling Stones Tribute",Arts,General,https://www.bandsintown.com/e/107611118-classic-stones-live-featuring-the-glimmer-twins-rolling-stones-tribute-at-athens-theatre,"2026-03-09 09:10:15"
102,107885535,"The 789s @ The Market at Sawgrass Grove","The 789s",2026-03-12T17:00:00,"The Market at Sawgrass Grove","766 Marilee Pl, The Villages, FL, United States",28.789864,-81.9689846,"Sawgrass! Are you ready to Shout It Out Loud with The 789s? We CAN NOT wait to be back and ROCK the night away again with you all!!

#sawgrassgrove #thevillages #thevillagesentertainment #thevillagesfl #the789s",Unknown,Available,"The 789s",Music,General,https://www.bandsintown.com/e/107885535-the-789s-at-the-market-at-sawgrass-grove,"2026-03-09 09:10:16"
103,107942363,"Sirsy @ Swan Brewing",Sirsy,2026-03-12T18:00:00,"Swan Brewing","115 W Pine St, Lakeland, FL, United States",28.0461385,-81.9580824,"ALL AGES!! * SIRSY is a ROCK & SOUL DUO with lots of pop sensibility & just the right amount of sass! Fronted by charismatic lead singer, Melanie who is also the band's drummer and plays a full kit standing up. Melanie plays bass parts on a keyboard with her drum stick and even throws in some mean flute solos. Rich Libutti plays a road worn and well loved Rickenbacker through a pedal board full of vintage effects. He also pays bass with his feet and tells super nerdy Star Wars jokes. SIRSY is known for passionate performances that often include lots of stories from the road, laughs, and dance parties. It's a good time! :) SIRSY plays 250+ shows per year nationally & has played with Grace Potter, Maroon 5, Cheap Trick, Train, and many more.  Their music is featured on Showtime’s hit tv show “Shameless”. CHECK OUT SIRSY: <a target='_blank' href='http://www.sirsy.com'>http://www.sirsy.com</a> VIDEO: <a target='_blank' href='https://www.youtube.com/watch?v=gx6RJZMelds'>https://www.youtube.com/watch?v=gx6RJZMelds</a>",Unknown,Available,Sirsy,Sports,"All Ages",https://www.bandsintown.com/e/107942363-sirsy-at-swan-brewing,"2026-03-09 09:10:16"
104,108021442,"Live Hart @ The Hangry Bison","Live Hart",2026-03-12T18:00:00,"The Hangry Bison","480 Orlando Ave Suite 130, Winter Park, FL, United States",28.6020317,-81.362815,"Live Hart at The Hangry Bison 2026-03-12T18:00:00",Unknown,Available,"Live Hart",Arts,General,https://www.bandsintown.com/e/108021442-live-hart-at-the-hangry-bison,"2026-03-09 09:10:16"
105,108020367,"Calling Crystal @ Marriott's Grande Vista","Calling Crystal",2026-03-13T16:00:00,"Marriott's Grande Vista","5925 Avenida Vista, Orlando, FL, United States",28.3972015,-81.4549773,"Calling Crystal at Marriott's Grande Vista 2026-03-13T16:00:00",Unknown,Available,"Calling Crystal",Music,General,"https://www.bandsintown.com/e/108020367-calling-crystal-at-marriott's-grande-vista","2026-03-09 09:10:17"
106,107939730,"Sugar Vibe @ Disney Springs","Sugar Vibe",2026-03-13T18:00:00,"Disney Springs","1486 Buena Vista Dr, Lake Buena Vista, FL, United States",28.3705684,-81.5193588,"Sugar Vibe at Disney Springs 2026-03-13T18:00:00",Unknown,Available,"Sugar Vibe",Music,General,https://www.bandsintown.com/e/107939730-sugar-vibe-at-disney-springs,"2026-03-09 09:10:17"
107,107998332,"Lauren Carder Fox @ The Landings at Gentry Park","Lauren Carder Fox",2026-03-12T15:00:00,"The Landings at Gentry Park","3191 Center Pointe Dr, Orlando, FL, United States",28.5054554,-81.2489879,"Lauren Carder Fox at The Landings at Gentry Park 2026-03-12T15:00:00",Unknown,Available,"Lauren Carder Fox",Music,General,https://www.bandsintown.com/e/107998332-lauren-carder-fox-at-the-landings-at-gentry-park,"2026-03-09 09:10:18"
108,108001866,"Peach Goldman @ Village of Faith","Peach Goldman",2026-03-12T18:00:00,"Village of Faith","8653 Co Rd 127, Wildwood, FL, United States",28.8829054,-82.0285915,"Peach Goldman at Village of Faith 2026-03-12T18:00:00",Unknown,Available,"Peach Goldman",Music,General,https://www.bandsintown.com/e/108001866-peach-goldman-at-village-of-faith,"2026-03-09 09:10:18"
109,107912626,"What The Dance @ The Social","What The Dance",2026-03-12T21:00:00,"The Social","54 N Orange Ave, Orlando, FL, United States",28.5431605,-81.3791788,"What The Dance presents

⋆˙⟡ COTTAGE CHEMISTRY: A HEATED RIVALRY DANCE PARTY ⟡˙⋆

ORLANDO! Come celebrate your favorite TV obsession as we dance to the Heated Rivalry soundtrack, the hottest queer pop anthems, and nostalgic alt hits all night long! ❤️‍🔥

Meet us in Lovers Land:
😉 The Social
🏳️‍🌈 Thursday, March 12
🏒 9pm
⚡ 18+

Get ready to party as @lex.the.dj gets things HEATED up! Comment your SONG REQUESTS below 💿

It’s gonna be a sweaty night, come dressed for the occasion! @thedanceparties 💦

TICKETS AT COTTAGECHEMISTRY.COM 🎟️",Unknown,Available,"What The Dance",Arts,18+,https://www.bandsintown.com/e/107912626-what-the-dance-at-the-social,"2026-03-09 09:10:18"
110,107692127,"VentanA (Official) @ West End Trading Company","VentanA (Official)",2026-03-11T19:00:00,"West End Trading Company","202 S Sanford Ave, Sanford, FL, United States",28.8107128,-81.2651421,"RUST & REVELATIONS TOUR FEATURING VENTANA AND AETERNUM",Unknown,Available,"VentanA (Official)",Music,General,https://www.bandsintown.com/e/107692127-ventana-(official)-at-west-end-trading-company,"2026-03-09 09:10:19"
111,107822805,"Drook @ Will's Pub",Drook,2026-03-11T20:00:00,"Will's Pub","1042 N Mills Ave, Orlando, FL, United States",28.559887,-81.3646031,"Drook at Will's Pub 2026-03-11T20:00:00",Unknown,Available,Drook,Music,General,"https://www.bandsintown.com/e/107822805-drook-at-will's-pub","2026-03-09 09:10:20"
112,107644721,"Jack Connor @ The Pig & Whistle","Jack Connor",2026-03-12T18:00:00,"The Pig & Whistle","240 N Orlando Ave, Cocoa Beach, FL, United States",28.3227832,-80.6101674,"Jack Connor at The Pig & Whistle 2026-03-12T18:00:00",Unknown,Available,"Jack Connor",Music,General,https://www.bandsintown.com/e/107644721-jack-connor-at-the-pig-and-whistle,"2026-03-09 09:10:20"
113,107439957,"Yacht Rock Revue @ House of Blues Orlando","Yacht Rock Revue",2026-03-12T20:30:00,"House of Blues Orlando","1490 E Buena Vista Dr, Lake Buena Vista, FL, United States",28.3706062,-81.5217251,"Yacht Rock Revue at House of Blues Orlando 2026-03-12T20:30:00",Unknown,Available,"Yacht Rock Revue",Music,General,https://www.bandsintown.com/e/107439957-yacht-rock-revue-at-house-of-blues-orlando,"2026-03-09 09:10:20"
114,1037883058,"James Hatem @ Hard Rock Live Orlando","James Hatem",2026-03-11T20:00:00,"Hard Rock Live Orlando","6050 Universal Blvd, Orlando, FL, United States",28.4737377,-81.467561,"James Hatem at Hard Rock Live Orlando 2026-03-11T20:00:00",Unknown,Available,"James Hatem",Music,General,https://www.bandsintown.com/e/1037883058-james-hatem-at-hard-rock-live-orlando,"2026-03-09 09:10:21"
115,107950160,"Flint Blade @ Sacred Forest Farm","Flint Blade",2026-03-13T18:00:00,"Sacred Forest Farm","1183 Flowing Creek Way, Osteen, FL, United States",28.8533324,-81.109194,"Flint Blade at Sacred Forest Farm 2026-03-13T18:00:00",Unknown,Available,"Flint Blade",Music,General,https://www.bandsintown.com/e/107950160-flint-blade-at-sacred-forest-farm,"2026-03-09 09:10:22"
116,107373727,"Gino Vannelli @ The Plaza Live","Gino Vannelli",2026-03-13T20:00:00,"The Plaza Live","425 N Bumby Ave, Orlando, FL, United States",28.5486774,-81.3513424,"Gino Vannelli will be performing live in Orlando Florida at the PLAZA LIVE on Friday, March 13, 2026 !",Unknown,Available,"Gino Vannelli",Music,General,https://www.bandsintown.com/e/107373727-gino-vannelli-at-the-plaza-live,"2026-03-09 09:10:22"
117,107669599,"Greg Little @ The Plaza Live","Greg Little",2026-03-13T20:00:00,"The Plaza Live","425 N Bumby Ave, Orlando, FL, United States",28.5486774,-81.3513424,"I'm very happy to be playing with an artist I've greatly admired. He still sounds great and he has a killer band. If you live in Orlando, you don't want to miss this!",Unknown,Available,"Greg Little",Arts,General,https://www.bandsintown.com/e/107669599-greg-little-at-the-plaza-live,"2026-03-09 09:10:22"
118,107314576,"Raquel Hawkins @ Norwegian Cruise Line","Raquel Hawkins",2026-03-13T19:00:00,"Norwegian Cruise Line","9155 Charles M Rowland Dr, Brevard County, FL, United States",28.4130953,-80.6297431,"Raquel Hawkins at Norwegian Cruise Line 2026-03-13T19:00:00",Unknown,Available,"Raquel Hawkins",Music,General,https://www.bandsintown.com/e/107314576-raquel-hawkins-at-norwegian-cruise-line,"2026-03-09 09:10:23"
119,1038098910,"Lola B. @ IRON COW","Lola B.",2026-03-13T21:00:00,"IRON COW","2438A E Robinson St, Orlando, FL, United States",28.5458515,-81.3502432,"DJ Three returns with an all vinyl set along with Chad Andrew , Atnarko & Lola B.  You know the deal ....",Unknown,Available,"Lola B.",Music,General,https://www.bandsintown.com/e/1038098910-lola-b.-at-iron-cow,"2026-03-09 09:10:23"
120,107924059,"New Monarchy @ Stardust Video & Coffee","New Monarchy",2026-03-13T19:00:00,"Stardust Video & Coffee","1842 Winter Park Rd, Orlando, FL, United States",28.5684649,-81.3465352,"New Monarchy at Stardust Video & Coffee 2026-03-13T19:00:00",Unknown,Available,"New Monarchy",Music,General,https://www.bandsintown.com/e/107924059-new-monarchy-at-stardust-video-and-coffee,"2026-03-09 09:10:23"
121,106815296,"Bachelors of Broadway @ Royal Highlands","Bachelors of Broadway",2026-03-13T19:00:00,"Royal Highlands","Monarch Blvd, Leesburg, FL, United States",28.6614746,-81.8588197,"Bachelors of Broadway at Royal Highlands 2026-03-13T19:00:00",Unknown,Available,"Bachelors of Broadway",Music,General,https://www.bandsintown.com/e/106815296-bachelors-of-broadway-at-royal-highlands,"2026-03-09 09:10:24"
122,1038098955,"Chad Andrew @ IRON COW","Chad Andrew",2026-03-13T21:00:00,"IRON COW","2438A E Robinson St, Orlando, FL, United States",28.5458515,-81.3502432,"DJ Three returns with an all vinyl set along with Chad Andrew , Atnarko & Lola B.  You know the deal ....",Unknown,Available,"Chad Andrew",Music,General,https://www.bandsintown.com/e/1038098955-chad-andrew-at-iron-cow,"2026-03-09 09:10:24"
123,107725237,"Billy Buchanan @ Southern Hill Farms","Billy Buchanan",2026-03-14T11:00:00,"Southern Hill Farms","16651 Schofield Rd, Clermont, FL, United States",28.4488645,-81.684286,"Billy Buchanan
11am-3pm",Unknown,Available,"Billy Buchanan",Music,General,https://www.bandsintown.com/e/107725237-billy-buchanan-at-southern-hill-farms,"2026-03-09 09:10:24"
124,1036840896,"Steel Magnolias @ Athens Theatre","Steel Magnolias",2026-03-13T19:30:00,"Athens Theatre","124 N Florida Ave, DeLand, FL, United States",29.0289229,-81.3057707,"Steel Magnolias at Athens Theatre 2026-03-13T19:30:00",Unknown,Available,"Steel Magnolias",Arts,General,https://www.bandsintown.com/e/1036840896-steel-magnolias-at-athens-theatre,"2026-03-09 09:10:25"
125,1038099035,"DJ Three @ IRON COW","DJ Three",2026-03-13T21:00:00,"IRON COW","2438A E Robinson St, Orlando, FL, United States",28.5458515,-81.3502432,"DJ Three returns with an all vinyl set along with Chad Andrew , Atnarko & Lola B.  You know the deal ....",Unknown,Available,"DJ Three",Music,General,https://www.bandsintown.com/e/1038099035-dj-three-at-iron-cow,"2026-03-09 09:10:25"
126,1035567644,"Michelle Buteau @ Hard Rock Live Orlando","Michelle Buteau",2026-03-13T19:30:00,"Hard Rock Live Orlando","6050 Universal Blvd, Orlando, FL, United States",28.4737377,-81.467561,"Hard Rock Live Orlando is located at Universal Orlando's CityWalk Additional Parking Fees Apply Venue Doors: 6:30pm Show Start: 7:30pm NO BACKPACKS, EXTENDED LENS CAMERAS, VIDEO CAMERAS, IPADS ALLOWED INSIDE OF VENUE",Unknown,Available,"Michelle Buteau",Arts,General,https://www.bandsintown.com/e/1035567644-michelle-buteau-at-hard-rock-live-orlando,"2026-03-09 09:10:26"
127,107877648,"Celestial Wizard @ Rhonda's--A Neighborhood Bar","Celestial Wizard",2026-03-13T18:00:00,"Rhonda's--A Neighborhood Bar","2617 S Orlando Dr, Sanford, FL, United States",28.7793513,-81.2741122,"@ Rhonda's Bar",Unknown,Available,"Celestial Wizard",Music,General,"https://www.bandsintown.com/e/107877648-celestial-wizard-at-rhonda's-a-neighborhood-bar","2026-03-09 09:10:26"
128,107590615,"Diamante @ The Beacham Theater",Diamante,2026-03-13T19:00:00,"The Beacham Theater","Orlando, FL, United States",28.53834,-81.37924,"Diamante at The Beacham Theater 2026-03-13T19:00:00",Unknown,Available,Diamante,Arts,General,https://www.bandsintown.com/e/107590615-diamante-at-the-beacham-theater,"2026-03-09 09:10:27"
129,108054701,"The Chitans @ Poinciana SDA Church","The Chitans",2026-03-14T09:15:00,"Poinciana SDA Church","4948 Old Pleasant Hill Rd, Kissimmee, FL, United States",28.1354467,-81.4508418,"Join us in Kissimmee, Florida!

We will be at Poinciana SDA church for a full day of worship. We will be singing during their morning service, then at 5:00 pm, we will be having a concert.

A freewill offering will be picked up in support of our ministry.

We would love for you to join us for this special time of worship!",Unknown,Available,"The Chitans",Music,General,https://www.bandsintown.com/e/108054701-the-chitans-at-poinciana-sda-church,"2026-03-09 09:10:27"
130,107447872,"I See Stars @ The Beacham Theater","I See Stars",2026-03-13T19:00:00,"The Beacham Theater","Orlando, FL, United States",28.53834,-81.37924,"I See Stars at The Beacham Theater 2026-03-13T19:00:00",Unknown,Available,"I See Stars",Arts,General,https://www.bandsintown.com/e/107447872-i-see-stars-at-the-beacham-theater,"2026-03-09 09:10:27"
131,107590017,"Suzy Bogguss @ Orange Blossom Opry","Suzy Bogguss",2026-03-13T19:00:00,"Orange Blossom Opry","16439 SE 138th Terrace, Weirsdale, FL, United States",28.9833759,-81.9218736,"Suzy Bogguss at Orange Blossom Opry 2026-03-13T19:00:00",Unknown,Available,"Suzy Bogguss",Music,General,https://www.bandsintown.com/e/107590017-suzy-bogguss-at-orange-blossom-opry,"2026-03-09 09:10:28"
132,107781283,"Paul Anka @ The Tracy Performing Arts Center","Paul Anka",2026-03-13T19:00:00,"The Tracy Performing Arts Center","2210 Dr Randy McDaniel Wy, Sumterville, FL, United States",28.7457067,-82.0073742,"Paul Anka at The Tracy Performing Arts Center 2026-03-13T19:00:00",Unknown,Available,"Paul Anka",Arts,General,https://www.bandsintown.com/e/107781283-paul-anka-at-the-tracy-performing-arts-center,"2026-03-09 09:10:28"
133,107707363,"Lari Basilio @ Conduit","Lari Basilio",2026-03-13T19:00:00,Conduit,"6700 Aloma Ave, Winter Park, FL, United States",28.6048195,-81.2987194,"Lari Basilio at Conduit 2026-03-13T19:00:00",Unknown,Available,"Lari Basilio",Music,General,https://www.bandsintown.com/e/107707363-lari-basilio-at-conduit,"2026-03-09 09:10:29"
134,107981633,"KennaDee @ World of Beer",KennaDee,2026-03-13T18:00:00,"World of Beer","2751 W Torch Lake Dr, The Villages, FL, United States",28.844966,-82.021755,"KennaDee at World of Beer 2026-03-13T18:00:00",Unknown,Available,KennaDee,Music,General,https://www.bandsintown.com/e/107981633-kennadee-at-world-of-beer,"2026-03-09 09:10:29"
135,107928974,"In Detriment @ My Sister's House","In Detriment",2026-03-14T19:00:00,"My Sister's House","925 S Semoran Blvd STE 103, Winter Park, FL, United States",28.5845531,-81.3060917,"In Detriment at My Sister's House 2026-03-14T19:00:00",Unknown,Available,"In Detriment",Music,General,"https://www.bandsintown.com/e/107928974-in-detriment-at-my-sister's-house","2026-03-09 09:10:29"
136,107994026,"Live Hart @ The Celeste Hotel, Orlando, a Tribute Portfolio Hotel","Live Hart",2026-03-14T18:00:00,"The Celeste Hotel, Orlando, a Tribute Portfolio Hotel","4105 N Alafaya Trail, Orlando, FL, United States",28.599003,-81.20739,"Live Hart at The Celeste Hotel, Orlando, a Tribute Portfolio Hotel 2026-03-14T18:00:00",Unknown,Available,"Live Hart",Arts,General,https://www.bandsintown.com/e/107994026-live-hart-at-the-celeste-hotel-orlando-a-tribute-portfolio-hotel,"2026-03-09 09:10:30"
137,107977505,"Andrew Williams @ Walter's Tavern","Andrew Williams",2026-03-14T18:30:00,"Walter's Tavern","2105 N Orange Blossom Trl, Orlando, FL, United States",28.570347,-81.403904,"Andrew Williams at Walter's Tavern 2026-03-14T18:30:00",Unknown,Available,"Andrew Williams",Music,General,"https://www.bandsintown.com/e/107977505-andrew-williams-at-walter's-tavern","2026-03-09 09:10:30"
138,108051361,"Megaloceros @ My Sister's House",Megaloceros,2026-03-14T19:00:00,"My Sister's House","925 S Semoran Blvd STE 103, Winter Park, FL, United States",28.5845531,-81.3060917,"Megaloceros at My Sister's House 2026-03-14T19:00:00",Unknown,Available,Megaloceros,Music,General,"https://www.bandsintown.com/e/108051361-megaloceros-at-my-sister's-house","2026-03-09 09:10:31"
139,107938200,"The Undercovers Live @ Dr. Phillips Center for the Performing Arts","The Undercovers Live",2026-03-14T19:00:00,"Dr. Phillips Center for the Performing Arts","445 S Magnolia Ave, Orlando, FL, United States",28.5378843,-81.3774048,"The Undercovers Live at Dr. Phillips Center for the Performing Arts 2026-03-14T19:00:00",Unknown,Available,"The Undercovers Live",Arts,General,https://www.bandsintown.com/e/107938200-the-undercovers-live-at-dr.-phillips-center-for-the-performing-arts,"2026-03-09 09:10:31"
140,108000922,"Jack Connor @ Category 5","Jack Connor",2026-03-14T14:00:00,"Category 5","9 S Atlantic Ave, Cocoa Beach, FL, United States",28.3182052,-80.6087464,"Jack Connor at Category 5 2026-03-14T14:00:00",Unknown,Available,"Jack Connor",Music,General,https://www.bandsintown.com/e/108000922-jack-connor-at-category-5,"2026-03-09 09:10:32"
141,1038095087,"Tito Rojas @ El CityO","Tito Rojas",2026-03-14T21:00:00,"El CityO","730 Sand Lake Rd Unit 90 B, Orlando, FL, United States",28.4500759,-81.3875466,"Tito Rojas at El CityO 2026-03-14T21:00:00",Unknown,Available,"Tito Rojas",Music,General,https://www.bandsintown.com/e/1038095087-tito-rojas-at-el-cityo,"2026-03-09 09:10:32"
142,107816053,"Brandee Younger @ Judson's Live","Brandee Younger",2026-03-14T18:00:00,"Judson's Live","445 S Magnolia Ave, Orlando, FL, United States",28.5380656,-81.3764308,"Brandee Younger at Judson's Live 2026-03-14T18:00:00",Unknown,Available,"Brandee Younger",Music,General,"https://www.bandsintown.com/e/107816053-brandee-younger-at-judson's-live","2026-03-09 09:10:32"
143,107897686,"33 Years @ Lakeridge Winery & Vineyards","33 Years",2026-03-14T12:00:00,"Lakeridge Winery & Vineyards","19239 US-27, Clermont, FL, United States",28.6273311,-81.7687658,"33 Years at Lakeridge Winery & Vineyards 2026-03-14T12:00:00",Unknown,Available,"33 Years",Music,General,https://www.bandsintown.com/e/107897686-33-years-at-lakeridge-winery-and-vineyards,"2026-03-09 09:10:32"
144,107812568,"Connor Price @ Bayside Stadium","Connor Price",2026-03-14T19:00:00,"Bayside Stadium","5677 Sea World Dr, Orlando, FL, United States",28.4096255,-81.4639047,"Connor Price brings his independent hip-hop energy live with viral “Spin the Globe” hits, clever lyrics, dynamic flow, and engaging crowd interaction on stage.

Experience it all at SeaWorld’s Seven Seas Food Festival. Concerts are free with park admission. Reserved seating available for purchase.",Unknown,Available,"Connor Price",Festival,General,https://www.bandsintown.com/e/107812568-connor-price-at-bayside-stadium,"2026-03-09 09:10:33"
145,107855165,"Rage Against The DJ @ Tuffy's Music Box","Rage Against The DJ",2026-03-14T21:00:00,"Tuffy's Music Box","200 Myrtle Ave, Sanford, FL, United States",28.8106342,-81.2702258,"Rage Against The DJ – Live at Tuffy’s Music Box

Nonstop mashups, live remixes, and interactive crowd moments all night ✨

No cover | Show starts at 9pm",Unknown,Available,"Rage Against The DJ",Arts,General,"https://www.bandsintown.com/e/107855165-rage-against-the-dj-at-tuffy's-music-box","2026-03-09 09:10:33"
146,1036838040,"Steel Magnolias @ Athens Theatre","Steel Magnolias",2026-03-14T19:30:00,"Athens Theatre","124 N Florida Ave, DeLand, FL, United States",29.0289229,-81.3057707,"Steel Magnolias at Athens Theatre 2026-03-14T19:30:00",Unknown,Available,"Steel Magnolias",Arts,General,https://www.bandsintown.com/e/1036838040-steel-magnolias-at-athens-theatre,"2026-03-09 09:10:34"
147,107973929,"Brandee Younger @ Judson's Live","Brandee Younger",2026-03-14T21:00:00,"Judson's Live","445 S Magnolia Ave, Orlando, FL, United States",28.5380656,-81.3764308,"Brandee Younger at Judson's Live 2026-03-14T21:00:00",Unknown,Available,"Brandee Younger",Music,General,"https://www.bandsintown.com/e/107973929-brandee-younger-at-judson's-live","2026-03-09 09:10:34"
148,107788828,"JMSN @ The Social",JMSN,2026-03-14T19:00:00,"The Social","54 N Orange Ave, Orlando, FL, United States",28.5431605,-81.3791788,"JMSN at The Social 2026-03-14T19:00:00",Unknown,Available,JMSN,Music,General,https://www.bandsintown.com/e/107788828-jmsn-at-the-social,"2026-03-09 09:10:34"
149,108014588,"Orchestra Fuego @ Boxi Park Lake Nona","Orchestra Fuego",2026-03-14T19:00:00,"Boxi Park Lake Nona","6877 Tavistock Lakes Blvd, Orlando, FL, United States",28.3729594,-81.2780672,"Get ready, Orlando! Orquesta Fuego returns to Boxi Park Lake Nona for an unforgettable night of high-energy Salsa, Mambo, and Latin rhythms that will keep you dancing all night long! 💃🕺🔥

📅 Saturday, March 14, 2026
⏰ 7 pm – 11 pm
📍 6877 Tavistock Lakes Blvd, Orlando, FL 32827

Bring your friends, your dancing shoes, and your best moves — this is going to be a night of flavor, fuego, and pure celebration! 🔥🎵

Don’t miss your chance to experience Orquesta Fuego Live in Concert — a night that will shake Lake Nona!",Unknown,Available,"Orchestra Fuego",Music,General,https://www.bandsintown.com/e/108014588-orchestra-fuego-at-boxi-park-lake-nona,"2026-03-09 09:10:35"
150,107777501,"Nelward @ Will's Pub",Nelward,2026-03-14T20:00:00,"Will's Pub","1042 N Mills Ave, Orlando, FL, United States",28.559887,-81.3646031,"Nelward at Will's Pub 2026-03-14T20:00:00",Unknown,Available,Nelward,Music,General,"https://www.bandsintown.com/e/107777501-nelward-at-will's-pub","2026-03-09 09:10:35"
151,107570302,"AYYBO @ The Vanguard",AYYBO,2026-03-14T19:00:00,"The Vanguard","FL, Orlando, FL, United States",28.53834,-81.37924,"AYYBO at The Vanguard 2026-03-14T19:00:00",Unknown,Available,AYYBO,Music,General,https://www.bandsintown.com/e/107570302-ayybo-at-the-vanguard,"2026-03-09 09:10:36"
152,107622461,"WeAreGeneration @ The Pink Piano",WeAreGeneration,2026-03-14T20:00:00,"The Pink Piano","1015 Florida Ave S, Lakeland, FL, United States",28.0307428,-81.9573327,"Join WeAreGeneration as they celebrate the 10-year anniversary of their debut album Over Oceans, with special guest and label signee KARY performing on stage for the first time ever.",Unknown,Available,WeAreGeneration,Music,General,https://www.bandsintown.com/e/107622461-wearegeneration-at-the-pink-piano,"2026-03-09 09:10:36"
153,1037809276,"2nd Chance @ 4425 N Powers Dr","2nd Chance",2026-03-14T18:30:00,"4425 N Powers Dr","4425 North Powers Drive, Orlando, FL, United States",28.53834,-81.37924,"Get ready to vibe live and celebrate the new Pray Again album with an epic launch concert!",Unknown,Available,"2nd Chance",Music,General,https://www.bandsintown.com/e/1037809276-2nd-chance-at-4425-n-powers-dr,"2026-03-09 09:10:37"
154,107772945,"Ultimate Rush Tribute @ Union Hall","Ultimate Rush Tribute",2026-03-14T20:00:00,"Union Hall","1023 Florida Ave S, Lakeland, FL, United States",28.0305457,-81.9574237,"Ultimate Rush Tribute at Union Hall 2026-03-14T20:00:00",Unknown,Available,"Ultimate Rush Tribute",Music,General,https://www.bandsintown.com/e/107772945-ultimate-rush-tribute-at-union-hall,"2026-03-09 09:10:37"
155,107913565,"Brad Kriebel @ Private Event - Orlando, FL","Brad Kriebel",2026-03-15T18:00:00,"Private Event - Orlando, FL","Orlando, FL, United States",28.53834,-81.37924,"Brad Kriebel at Private Event - Orlando, FL 2026-03-15T18:00:00",Unknown,Available,"Brad Kriebel",Music,General,https://www.bandsintown.com/e/107913565-brad-kriebel-at-private-event-orlando-fl,"2026-03-09 09:10:38"
156,107998350,"Lauren Carder Fox @ Gatorland","Lauren Carder Fox",2026-03-15T11:00:00,Gatorland,"14501 S Orange Blossom Trail, Orlando, FL, United States",28.3559542,-81.4040247,"Lauren Carder Fox at Gatorland 2026-03-15T11:00:00",Unknown,Available,"Lauren Carder Fox",Music,General,https://www.bandsintown.com/e/107998350-lauren-carder-fox-at-gatorland,"2026-03-09 09:10:38"
157,107666393,"Our Lady Peace @ The Plaza Live","Our Lady Peace",2026-03-15T20:00:00,"The Plaza Live","425 N Bumby Ave, Orlando, FL, United States",28.5486774,-81.3513424,"Our Lady Peace at The Plaza Live 2026-03-15T20:00:00",Unknown,Available,"Our Lady Peace",Music,General,https://www.bandsintown.com/e/107666393-our-lady-peace-at-the-plaza-live,"2026-03-09 09:10:38"
158,108020348,"Calling Crystal @ Marriott's Grande Vista","Calling Crystal",2026-03-15T18:00:00,"Marriott's Grande Vista","5925 Avenida Vista, Orlando, FL, United States",28.3972015,-81.4549773,"Calling Crystal at Marriott's Grande Vista 2026-03-15T18:00:00",Unknown,Available,"Calling Crystal",Music,General,"https://www.bandsintown.com/e/108020348-calling-crystal-at-marriott's-grande-vista","2026-03-09 09:10:39"
159,108020337,"Calling Crystal @ Disney Springs","Calling Crystal",2026-03-16T14:00:00,"Disney Springs","1486 Buena Vista Dr, Lake Buena Vista, FL, United States",28.3705684,-81.5193588,"Calling Crystal at Disney Springs 2026-03-16T14:00:00",Unknown,Available,"Calling Crystal",Music,General,https://www.bandsintown.com/e/108020337-calling-crystal-at-disney-springs,"2026-03-09 09:10:40"
160,108001052,"Dead sticks @ Grumpys underground","Dead sticks",2026-03-15T19:00:00,"Grumpys underground","1018 N Mills Ave, Orlando, FL, United States",28.5591653,-81.3646652,"The Dreaming Insomniacs X Dead Sticks X The Milk Bandits X Robby Shambles
Cash Only 10$",Unknown,Available,"Dead sticks",Music,General,https://www.bandsintown.com/e/108001052-dead-sticks-at-grumpys-underground,"2026-03-09 09:10:40"
161,106841281,"The Collingsworth Family @ New Covenant United Methodist Church","The Collingsworth Family",2026-03-16T19:00:00,"New Covenant United Methodist Church","3470 Woodridge Dr, The Villages, FL, United States",28.9306314,-82.0140663,"Presented by Dynasty Productions",Unknown,Available,"The Collingsworth Family",Music,General,https://www.bandsintown.com/e/106841281-the-collingsworth-family-at-new-covenant-united-methodist-church,"2026-03-09 09:10:40"
162,1036786054,"Combat @ House of Blues Orlando",Combat,2026-03-16T18:00:00,"House of Blues Orlando","1490 E Buena Vista Dr, Lake Buena Vista, FL, United States",28.3706062,-81.5217251,"Doors - 6:00pm Show - 7:00pm The concert venue is general admission standing. This event is all ages. For accessible seating the guest must purchase a g.a. standing ticket and arrive to the venue at 20 minutes before door time and be waiting on the accessible ramp and the guest with accessible needs is allowed one guest with them. We encourage you to review our safety and security information below prior to arriving at the venue. Please arrive early to the venue to allow enough time for you and your guests to move through the queue and enter the venue. Prior to entering the venue, guests will be searched (patted down or mag wanded) to ensure that nothing on the restricted list of items enters the building. You may be asked to empty your pockets of all items so that they can be examined. All alcohol and narcotic laws will be strictly enforced. All bags will be searched, and no large bags or backpacks will be allowed.",Unknown,Available,Combat,Music,"All Ages",https://www.bandsintown.com/e/1036786054-combat-at-house-of-blues-orlando,"2026-03-09 09:10:41"
163,107713850,"Live Hart @ SeaWorld Orlando","Live Hart",2026-03-15T14:30:00,"SeaWorld Orlando","7007 Sea World Dr, Orlando, FL, United States",28.4114555,-81.4617047,"Performing at Flamecraft",Unknown,Available,"Live Hart",Arts,General,https://www.bandsintown.com/e/107713850-live-hart-at-seaworld-orlando,"2026-03-09 09:10:41"
164,108001957,"Animotion @ Bayside Stadium",Animotion,2026-03-15T19:00:00,"Bayside Stadium","5677 Sea World Dr, Orlando, FL, United States",28.4096255,-81.4639047,"Experience an electrifying night of iconic 80's pop and dance hits with Tiffany, Bow Wow Wow, and Animotion, delivering nonstop nostalgia and high-energy performances.",Unknown,Available,Animotion,Arts,General,https://www.bandsintown.com/e/108001957-animotion-at-bayside-stadium,"2026-03-09 09:10:42"
165,106835383,"Chi-Town Transit Authority @ Wisconsin Group-The Villages","Chi-Town Transit Authority",2026-03-16T18:30:00,"Wisconsin Group-The Villages","The Villages, FL, United States",28.93408,-81.95994,"Chi-Town Transit Authority at Wisconsin Group-The Villages 2026-03-16T18:30:00",Unknown,Available,"Chi-Town Transit Authority",Music,General,https://www.bandsintown.com/e/106835383-chi-town-transit-authority-at-wisconsin-group-the-villages,"2026-03-09 09:10:43"
166,107849502,"Damon Fowler @ The Alley","Damon Fowler",2026-03-15T16:00:00,"The Alley","114 S Park Ave, Sanford, FL, United States",28.811155,-81.268333,"Damon Fowler
Sunday, March 15, 2026, 4 PM
The Alley
114 S Park Ave. Sanford, FL 32771
(407) 328-4848

Tampa’s Damon Fowler, a masterful singer, guitar player and songwriter, has absorbed the best of and furthered the work of the region’s definitive artists. A hard driving troubadour, his music is steeped with soul and representative of the many styles that make up the roots of American music. He has gained the respect of his peers given his featured slot in Butch Truck’s Freight Train band and his side gig as guitarist in the Dickey Betts Band. Critics have compared Fowler’s guitar work to Johnny Winter and Jeff Beck, while his slide guitar is reminiscent of the late Duane Allman. Fowler can play fiery guitar runs with the best of them, and his lyrical work on lap steel and dobro makes him a standout performer among the legions of guitar heroes.",Unknown,Available,"Damon Fowler",Arts,General,https://www.bandsintown.com/e/107849502-damon-fowler-at-the-alley,"2026-03-09 09:10:43"
